﻿Designator,Footprint,Quantity,Value,LCSC Part #
"C1, C2, C4",0603,3,10uF,C96446
"C10, C11",0402,2,10pF,C32949
"C3, C5, C6, C7, C8, C9",0402,6,0.1uF,C307331
"D1, D3, D4, D5, D6",0603,5,LED,C2286
D2,D_SOD-123F,1,D_Schottky,C7502712
"H1, H2, H3, H4",MountingHole_2.7mm_M2.5,4,MountingHole,
"J1, J3, J6",JST_XA_S04B-XASK-1_1x04_P2.50mm_Horizontal,3,B04B-XA,
J2,PinSocket_2x20_P2.54mm_Vertical,1,Conn_02x20_Odd_Even,
J4,JST_XA_B02B-XASK-1_1x02_P2.50mm_Vertical,1,Conn_01x02,
JP1,PinHeader_1x02_P2.54mm_Vertical,1,Jumper_2_Open,
Q1,SOT-23,1,Q_NMOS_GSD,C20917
"Q2, Q3, Q4, Q5",SOT-23,4,Q_NMOS_GSD,C7420339
"R1, R14, R15, R16, R17, R18, R19, R2, R20, R21, R3, R4, R7, R8, R9",0402,15,10k,C25744
"R10, R11, R12, R13",0402,4,1k,C11702
R5,0603,1,120,C22787
R6,0402,1,120,C25079
SW2,SW_DIP_SPSTx02_Slide_Copal_CHS-02B_W7.62mm_P1.27mm,1,SW_DIP_x02,
U1,SSOP-28_5.3x10.2mm_P0.65mm,1,MCP25625-x-SS,C184944
"U2, U3",SOT-23-5,2,74AHC1G04,C460486
"U4, U5, U6, U7",SOT-23-5,4,XC8110,C3235547
Y1,Crystal_SMD_3225-4Pin_3.2x2.5mm,1,16MHz,C13738
